lake_id,arc1,arc2,arc3,arc4,arc5,arc6,arc7,arc8,arc9
7250080512,0.22684073,0.17983203,0.00612663,0.22246239,0.011594195,0.3257616,0.009620389,0.006631027,0.011131074
7250092313,0.2574455,0.22606875,0.014833106,0.21431047,0.014843272,0.23538335,0.013586987,0.010816365,0.012712183
7250113932,0.23274183,0.22909014,0.00580542,0.2627048,0.009459701,0.23183256,0.009296306,0.009444689,0.009624548
7250145713,0.002877947,0.0032323804,0.0075239525,0.0023908436,0.22011481,0.0027114144,0.09941709,0.083407246,0.5783243
7250202733,0.22800872,0.24775581,0.00476206,0.2507188,0.0028068752,0.25719917,0.0027861362,0.004003146,0.0019592291
