lake_id,arc1,arc2,arc3,arc4
7250080512,0.9564835,0.014918349,0.013490622,0.01510758
7250092313,0.9375429,0.019195922,0.021294305,0.021966867
7250113932,0.9548572,0.012795743,0.012994247,0.019352954
7250145713,0.0077902507,0.1585823,0.70028746,0.13334006
7250202733,0.9773207,0.007216053,0.008568224,0.0068951137
