lake_id,arc1,arc2,arc3,arc4
7250080512,0.19090502,0.24120061,0.370715,0.19717945
7250092313,0.29923636,0.2741112,0.21527018,0.21138227
7250113932,0.2291175,0.16720796,0.34050137,0.26317322
7250145713,0.1851407,0.2871111,0.27347443,0.25427377
7250202733,0.19544417,0.19758807,0.25241762,0.35455012
