lake_id,arc1,arc2,arc3,arc4,arc5,arc6,arc7,arc8
7250080512,0.08965081,0.15223463,0.12912491,0.12378912,0.12267242,0.10226326,0.18433926,0.09592562
7250092313,0.08499316,0.098099336,0.15833667,0.19309358,0.0878163,0.09755198,0.12931687,0.15079206
7250113932,0.118521854,0.10549807,0.12737697,0.10695048,0.1232175,0.14700465,0.121867135,0.14956337
7250145713,0.11868477,0.13526823,0.07549436,0.13556045,0.13508487,0.1492051,0.1259488,0.12475344
7250202733,0.10301334,0.12858947,0.14177662,0.113567166,0.09881808,0.14812307,0.12515631,0.14095594
