lake_id,arc1,arc2
7250080512,0.05057131,0.94942874
7250092313,0.0691997,0.9308003
7250113932,0.051809624,0.9481904
7250145713,0.97161955,0.028380467
7250202733,0.019553568,0.9804464
