lake_id,arc1,arc2,arc3,arc4,arc5,arc6,arc7,arc8
7250080512,0.010222541,0.009499371,0.0135469185,0.0057348,0.008143868,0.27213892,0.36113623,0.31957743
7250092313,0.014038427,0.012507703,0.0119349845,0.01077537,0.016569925,0.33023632,0.2942402,0.30969703
7250113932,0.008447654,0.010299445,0.008290363,0.01008457,0.009633952,0.3210252,0.27426386,0.35795498
7250145713,0.040847328,0.086831085,0.057934884,0.55523866,0.24854636,0.003503784,0.0037769275,0.0033209429
7250202733,0.0033005117,0.0035003712,0.003651691,0.0051169493,0.004439582,0.4034618,0.32857475,0.24795437
