lake_id,arc1,arc2,arc3,arc4,arc5,arc6,arc7,arc8,arc9,arc10
7250080512,0.089575164,0.14752296,0.059101664,0.087729365,0.13949907,0.07859819,0.06363166,0.105539024,0.13125268,0.09755029
7250092313,0.08702934,0.08089245,0.07182484,0.096869305,0.11985149,0.13926348,0.12761557,0.090784065,0.09573732,0.09013215
7250113932,0.09573323,0.121119365,0.12886855,0.08376295,0.0977315,0.08914726,0.10744846,0.09243628,0.11726662,0.06648584
7250145713,0.1392446,0.07494816,0.07298362,0.067462265,0.15490116,0.07922612,0.093127206,0.11021142,0.0935327,0.11436275
7250202733,0.08897973,0.08186239,0.09175563,0.09658773,0.12153153,0.11077229,0.08461504,0.09961235,0.12033744,0.103945866
