lake_id,arc1,arc2,arc3,arc4,arc5,arc6,arc7,arc8,arc9
7250080512,0.15746503,0.13397774,0.09839846,0.119614854,0.09499532,0.1274905,0.07030141,0.079979084,0.1177776
7250092313,0.09770112,0.18409832,0.105242655,0.13799968,0.11955595,0.10027432,0.081034645,0.09594934,0.078144
7250113932,0.10922922,0.12485406,0.06740514,0.09392493,0.10382075,0.076169066,0.10752369,0.15936948,0.1577037
7250145713,0.15000957,0.06976954,0.1353423,0.10375656,0.121611804,0.11191635,0.11090928,0.10482203,0.09186256
7250202733,0.075080395,0.09149785,0.08630364,0.14135443,0.11187558,0.1454812,0.113842525,0.11864826,0.11591614
