lake_id,arc1,arc2,arc3,arc4,arc5,arc6,arc7
7250080512,0.16888903,0.15264666,0.1078705,0.12350945,0.12649937,0.17492776,0.14565729
7250092313,0.14627534,0.13953646,0.20107287,0.11935377,0.1488753,0.11656057,0.1283257
7250113932,0.12984902,0.11610556,0.14654465,0.10257131,0.22692785,0.106761314,0.17124031
7250145713,0.073715866,0.12824704,0.16469245,0.20176835,0.13276455,0.14495888,0.15385282
7250202733,0.16074398,0.08081282,0.14434043,0.17456706,0.1548386,0.122825176,0.16187192
