lake_id,arc1,arc2,arc3,arc4,arc5,arc6
7250080512,0.24309824,0.19382282,0.10079182,0.14770523,0.111386314,0.20319563
7250092313,0.14018185,0.19738942,0.1722171,0.15766557,0.15350479,0.1790413
7250113932,0.18737164,0.19234437,0.1450801,0.15828049,0.16036266,0.15656076
7250145713,0.14581904,0.13841274,0.16923393,0.19095205,0.15140203,0.2041802
7250202733,0.20845601,0.13496174,0.18184772,0.13809882,0.16721818,0.16941753
