lake_id,arc1,arc2,arc3,arc4,arc5,arc6,arc7,arc8,arc9,arc10
7250080512,0.01053469,0.0070242193,0.24089119,0.0074368403,0.004425418,0.0074998396,0.21628731,0.3039567,0.1961587,0.0057851328
7250092313,0.012364201,0.014311869,0.19636422,0.011883381,0.008646888,0.00953223,0.21304032,0.2827108,0.24197274,0.009173377
7250113932,0.007919764,0.0071572945,0.22981694,0.009030381,0.007026575,0.006174494,0.27481264,0.21527053,0.2358382,0.006953188
7250145713,0.09550902,0.17672962,0.001848795,0.039179865,0.012467537,0.033261407,0.0015688268,0.0016565316,0.0021000535,0.63567835
7250202733,0.003646371,0.0032706677,0.17950004,0.004582337,0.0031246715,0.0036883794,0.28608635,0.24360964,0.2692712,0.0032203512
