lake_id,arc1,arc2,arc3,arc4,arc5,arc6,arc7
7250080512,0.26737964,0.01813756,0.3514952,0.007912479,0.009055472,0.00944433,0.33657533
7250092313,0.34825808,0.017802149,0.27149862,0.019271199,0.018228658,0.00983494,0.3151064
7250113932,0.30434752,0.00890198,0.26456738,0.011675522,0.009571761,0.013438471,0.38749743
7250145713,0.0039616977,0.087927595,0.0037780574,0.68029416,0.0663591,0.15345825,0.0042211753
7250202733,0.30800045,0.0044561173,0.3071532,0.0042825397,0.0036115195,0.0046659373,0.36783028
