lake_id,arc1,arc2,arc3,arc4,arc5
7250080512,0.47594047,0.010900477,0.015368475,0.0132360365,0.48455465
7250092313,0.47392732,0.014169492,0.02521582,0.019927364,0.46675995
7250113932,0.4384063,0.011313491,0.012452661,0.015863052,0.52196455
7250145713,0.0045813723,0.046250798,0.73886555,0.20525682,0.005045442
7250202733,0.4996469,0.004059248,0.004723469,0.006277644,0.48529273
