lake_id,arc1,arc2,arc3,arc4,arc5,arc6
7250080512,0.01824408,0.0138330115,0.45549926,0.4911926,0.011066047,0.010165039
7250092313,0.019953495,0.012518671,0.48234448,0.44280225,0.02305566,0.019325405
7250113932,0.015623308,0.014755379,0.39521888,0.5498874,0.010416476,0.014098598
7250145713,0.018709918,0.13156067,0.0038765462,0.0042306012,0.817481,0.024141343
7250202733,0.0059292093,0.0071168123,0.4524361,0.52147275,0.0062871603,0.0067580026
