lake_id,arc1,arc2
7250080512,0.5447744,0.45522565
7250092313,0.5466831,0.4533169
7250113932,0.49315304,0.50684696
7250145713,0.49182138,0.50817865
7250202733,0.48993844,0.5100616
