lake_id,arc1,arc2,arc3,arc4,arc5,arc6,arc7,arc8
7250080512,0.071428575,0.42857143,0.21428573,0.0,0.0,0.0,3.472889e-31,0.2857143
7250092313,0.05263158,0.36842108,0.31578946,0.0,0.05263158,0.05263158,0.0,0.15789473
7250113932,0.0952381,0.52380955,0.2857143,0.0,0.0,0.0,0.0,0.0952381
7250145713,0.0,0.0,0.0,0.5882353,0.11764706,0.23529412,0.05882353,0.0
7250202733,0.10344827,0.4137931,0.44827586,0.0,0.0,0.0,0.0,0.03448276
