lake_id,arc1,arc2,arc3,arc4,arc5,arc6,arc7,arc8,arc9
7250080512,0.0,0.0,0.0,0.14285715,0.0,0.64285713,0.21428573,0.0,0.0
7250092313,0.0,0.05263158,0.0,0.21052632,0.0,0.42105266,0.31578946,0.0,0.0
7250113932,0.0,0.0,0.0,0.2857143,0.0,0.33333334,0.3809524,0.0,0.0
7250145713,0.11764706,0.64705884,0.0,0.0,0.1764706,0.0,0.0,0.0,0.05882353
7250202733,0.0,0.0,0.06896552,0.20689656,0.0,0.48275864,0.24137932,0.0,0.0
