lake_id,arc1,arc2
7250080512,2.4e-43,1.0
7250092313,0.10526316,0.8947369
7250113932,0.0,1.0
7250145713,0.9411765,0.05882353
7250202733,0.0,1.0
