lake_id,arc1,arc2,arc3,arc4,arc5,arc6,arc7,arc8,arc9,arc10
7250080512,0.0,0.0,0.14285715,0.35714287,0.0,0.5,0.0,0.0,0.0,0.0
7250092313,0.0,0.0,0.15789473,0.21052632,0.05263158,0.47368422,0.0,0.10526316,0.0,0.0
7250113932,0.0,0.0,0.14285715,0.2857143,0.0,0.5714286,0.0,0.0,0.0,0.0
7250145713,0.4117647,0.0,0.0,0.0,0.0,0.0,0.1764706,0.05882353,0.11764706,0.23529412
7250202733,0.0,0.0,0.10344827,0.3793103,0.0,0.51724136,0.0,0.0,0.0,0.0
