lake_id,arc1,arc2,arc3,arc4,arc5,arc6
7250080512,0.0,0.0,0.7142858,0.071428575,0.0,0.21428573
7250092313,0.0,2.4767602e-31,0.84210515,0.10526316,0.05263158,0.0
7250113932,0.0,0.0,0.8095238,0.04761905,0.0,0.14285715
7250145713,0.29411766,0.4117647,0.0,0.0,0.29411766,0.0
7250202733,0.0,0.0,0.9310343,0.0,0.0,0.06896552
