lake_id,arc1,arc2,arc3
7250080512,1.0,0.0,0.0
7250092313,1.0000001,0.0,0.0
7250113932,1.0,0.0,0.0
7250145713,0.0,0.88235295,0.11764706
7250202733,1.0,0.0,0.0
