lake_id,arc1,arc2,arc3,arc4,arc5
7250080512,0.21428573,0.14285715,0.0,0.0,0.64285713
7250092313,0.0,0.631579,0.05263158,0.05263158,0.2631579
7250113932,0.1904762,0.1904762,0.0,0.0,0.61904764
7250145713,0.11764706,0.0,0.11764706,0.7647059,0.0
7250202733,0.0,0.4137931,0.0,0.0,0.5862069
