lake_id,arc1,arc2,arc3,arc4,arc5
7250080512,1.0000001,0.0,0.0,0.0,0.0
7250092313,0.9999999,0.0,0.0,0.0,0.0
7250113932,1.0,0.0,0.0,0.0,0.0
7250145713,0.0,0.11764706,0.0,0.3529412,0.5294118
7250202733,0.9999999,0.0,0.0,0.0,0.0
