lake_id,arc1,arc2,arc3,arc4,arc5,arc6,arc7
7250080512,0.0,0.0,0.071428575,0.2857143,0.5,0.0,0.14285715
7250092313,0.0,0.05263158,0.15789473,0.15789473,0.36842105,0.0,0.2631579
7250113932,0.0,0.0,0.23809525,0.2857143,0.2857143,0.0,0.1904762
7250145713,0.5882353,0.1764706,0.0,0.0,0.0,0.23529412,0.0
7250202733,0.0,0.0,0.20689656,0.0,0.44827586,0.0,0.3448276
