lake_id,arc1,arc2,arc3,arc4
7250080512,0.0,0.0,0.7857144,0.21428573
7250092313,0.05263158,0.0,0.47368425,0.47368425
7250113932,0.0,0.04761905,0.6666667,0.2857143
7250145713,0.5294118,0.47058824,0.0,0.0
7250202733,0.0,0.0,0.7586206,0.24137932
