lake_id,arc1,arc2,arc3,arc4
7250080512,0.14285715,0.0,0.5,0.35714287
7250092313,0.15789473,0.0,0.68421054,0.15789473
7250113932,0.42857143,0.0,0.3809524,0.1904762
7250145713,0.0,0.9411765,0.0,0.05882353
7250202733,0.27586207,0.0,0.24137932,0.4827586
