lake_id,arc1,arc2,arc3,arc4,arc5,arc6,arc7
7250080512,0.0,0.0,0.0,1.0000001,0.0,0.0,0.0
7250092313,0.0,0.0,0.0,0.9999999,0.0,0.0,0.0
7250113932,0.0,0.0,0.0,1.0,0.0,0.0,0.0
7250145713,0.0,0.0,0.1764706,0.0,0.05882353,0.7058824,0.05882353
7250202733,0.0,0.0,0.0,0.9999999,0.0,0.0,0.0
