lake_id,arc1,arc2,arc3,arc4,arc5,arc6,arc7,arc8
7250080512,0.008008056,0.39959753,0.006450385,0.0063169613,0.28872648,0.2685561,0.01368822,0.008656327
7250092313,0.01283963,0.33975172,0.013269117,0.0111786,0.30672944,0.28881568,0.017047781,0.010368022
7250113932,0.010365551,0.38115257,0.009401132,0.009295035,0.24844754,0.3270754,0.0071097086,0.0071530635
7250145713,0.020094119,0.0037104227,0.07707052,0.13646704,0.002295511,0.0020928455,0.096289866,0.6619797
7250202733,0.0030171657,0.30780178,0.003414378,0.0030565313,0.33942935,0.33595774,0.0036375145,0.0036855475
