lake_id,arc1,arc2,arc3,arc4,arc5,arc6,arc7,arc8,arc9
7250080512,0.10497841,0.090051904,0.104438595,0.08568094,0.12378636,0.13838372,0.12952763,0.11890522,0.1042473
7250092313,0.10811427,0.14658627,0.12541834,0.0941788,0.08393673,0.10149172,0.16295134,0.110386916,0.066935636
7250113932,0.13813138,0.081301585,0.08716517,0.12831444,0.13041528,0.13109826,0.09198791,0.096551016,0.115035035
7250145713,0.13196263,0.10056038,0.14173181,0.10733565,0.080222845,0.11212781,0.09467876,0.09108501,0.14029506
7250202733,0.08892471,0.1104673,0.11862702,0.1242983,0.115149066,0.097716965,0.11246588,0.09552697,0.13682376
