lake_id,arc1,arc2,arc3,arc4,arc5,arc6
7250080512,0.008206919,0.0130419815,0.40911958,0.016711967,0.44522792,0.10769163
7250092313,0.024661724,0.016967319,0.3625509,0.018292679,0.485148,0.092379384
7250113932,0.014199718,0.009818712,0.41034073,0.012091246,0.34056744,0.21298215
7250145713,0.18947636,0.10204858,0.0034044874,0.69578075,0.0035287715,0.0057611144
7250202733,0.0045338,0.005896831,0.39170143,0.004147586,0.4943999,0.09932046
