lake_id,arc1,arc2,arc3,arc4
7250080512,0.23964429,0.25210327,0.22925514,0.27899736
7250092313,0.26856893,0.3733323,0.15602311,0.20207563
7250113932,0.17269748,0.2583738,0.2569244,0.31200436
7250145713,0.28075677,0.25695553,0.22376895,0.23851877
7250202733,0.24214885,0.1980376,0.3272829,0.23253067
