lake_id,arc1,arc2,arc3,arc4,arc5,arc6,arc7,arc8
7250080512,0.11291227,0.089807756,0.15141734,0.12687169,0.16741994,0.13491282,0.12196494,0.094693296
7250092313,0.16749024,0.1030645,0.14261384,0.08344441,0.1310886,0.146417,0.118707865,0.10717355
7250113932,0.112023935,0.14411142,0.12762706,0.14244145,0.13535574,0.113654405,0.11703694,0.10774904
7250145713,0.16778909,0.103225626,0.08151966,0.11786017,0.111087486,0.12131875,0.14084357,0.15635565
7250202733,0.06073615,0.12234589,0.1427511,0.112957664,0.14946246,0.13691032,0.15657349,0.11826295
