lake_id,arc1,arc2
7250080512,0.9444195,0.05558051
7250092313,0.92743725,0.07256273
7250113932,0.94531536,0.05468469
7250145713,0.02691336,0.9730867
7250202733,0.97148407,0.028515905
