lake_id,arc1,arc2,arc3,arc4
7250080512,0.021483917,0.019439984,0.94592535,0.013150744
7250092313,0.022880437,0.032275446,0.9219137,0.022930436
7250113932,0.019715896,0.024058681,0.94408894,0.012136539
7250145713,0.9204891,0.046089523,0.008826869,0.024594503
7250202733,0.0117294965,0.0069202785,0.9733234,0.0080269
