lake_id,arc1,arc2,arc3,arc4,arc5,arc6
7250080512,0.14898165,0.18222992,0.15847558,0.12047785,0.2558373,0.13399775
7250092313,0.16859509,0.18446793,0.16157179,0.15347716,0.21324591,0.118642144
7250113932,0.15764147,0.1634091,0.20825064,0.14469756,0.18806818,0.13793309
7250145713,0.12835826,0.10835138,0.20133276,0.15590318,0.23515865,0.17089577
7250202733,0.15562645,0.1732802,0.16891825,0.14708109,0.16648886,0.18860514
