lake_id,arc1,arc2,arc3,arc4,arc5,arc6,arc7,arc8,arc9,arc10
7250080512,0.094841145,0.123756014,0.11005981,0.070536606,0.10845664,0.07861993,0.08459173,0.11877824,0.110022575,0.10033735
7250092313,0.107151896,0.096498236,0.121064,0.10009306,0.07397965,0.101723775,0.074848235,0.09761661,0.09628181,0.13074273
7250113932,0.12280756,0.11205292,0.10661853,0.07071252,0.07670501,0.09550853,0.09861877,0.13729338,0.070399106,0.10928366
7250145713,0.088900946,0.074894324,0.14059517,0.13821468,0.08761889,0.07754542,0.11874861,0.06402835,0.13264395,0.07680967
7250202733,0.12084535,0.102005966,0.06319368,0.08615126,0.113495484,0.10621072,0.09606761,0.08937093,0.12278107,0.09987795
