lake_id,arc1,arc2,arc3,arc4,arc5,arc6,arc7,arc8,arc9
7250080512,0.008096956,0.0051724743,0.28646207,0.2349971,0.0058340356,0.006177619,0.22711197,0.21831986,0.007827944
7250092313,0.00963824,0.008076749,0.17178765,0.21090685,0.011108128,0.009144589,0.2532226,0.31079882,0.015316415
7250113932,0.00584916,0.0066360156,0.24841356,0.2752748,0.007271953,0.0052181426,0.24251662,0.20132603,0.007493717
7250145713,0.123368144,0.07386433,0.0035377205,0.0031768517,0.04511454,0.54389644,0.0035111927,0.0020198291,0.20151094
7250202733,0.002057395,0.0031431627,0.33644676,0.16084725,0.002388643,0.003182845,0.2399171,0.2488466,0.0031701918
