lake_id,arc1,arc2,arc3,arc4,arc5,arc6,arc7,arc8,arc9,arc10
7250080512,0.2847811,0.007435359,0.0056250123,0.20612653,0.1913714,0.005478279,0.004342468,0.2816456,0.0065680924,0.0066262083
7250092313,0.30539072,0.011623914,0.008925147,0.2476318,0.25288117,0.012488068,0.008088004,0.13094662,0.010851407,0.011173114
7250113932,0.25738347,0.006082378,0.0063742585,0.2762388,0.23041649,0.005118332,0.008957776,0.19735633,0.0059738457,0.0060983417
7250145713,0.0016705077,0.07566646,0.021037193,0.0017523131,0.0018679041,0.6697213,0.1560158,0.0044437484,0.049207494,0.018617256
7250202733,0.31435984,0.0026308992,0.003327501,0.2898504,0.29584986,0.0019255978,0.0025283776,0.084755935,0.0019139276,0.0028576287
