lake_id,arc1,arc2,arc3,arc4,arc5,arc6,arc7
7250080512,0.011256501,0.0639415,0.008758537,0.013859224,0.00969771,0.349298,0.5431886
7250092313,0.017576365,0.072169684,0.012698669,0.01913543,0.015406079,0.40553397,0.45747977
7250113932,0.011565862,0.06864264,0.009405341,0.013637821,0.009411942,0.5152824,0.37205404
7250145713,0.08218023,0.0052385414,0.61281425,0.24758413,0.047747068,0.0025784553,0.0018572954
7250202733,0.0040784124,0.017671159,0.003621474,0.0044899257,0.003748688,0.5289376,0.43745282
