lake_id,arc1,arc2,arc3,arc4,arc5
7250080512,0.48751017,0.009603956,0.02000013,0.46994904,0.012936767
7250092313,0.49876535,0.018385328,0.021807566,0.43685505,0.024186676
7250113932,0.47781235,0.014817068,0.014836317,0.47663507,0.01589922
7250145713,0.005524606,0.22288072,0.71154875,0.004764517,0.055281434
7250202733,0.43846714,0.0060758404,0.005628704,0.54530704,0.004521354
