lake_id,arc1,arc2
7250080512,0.50938535,0.49061468
7250092313,0.475051,0.524949
7250113932,0.62700856,0.37299144
7250145713,0.46736622,0.5326338
7250202733,0.49683225,0.50316775
