lake_id,arc1,arc2,arc3,arc4,arc5,arc6,arc7
7250080512,0.13290761,0.16156054,0.21971533,0.14182742,0.10198521,0.13857596,0.103427984
7250092313,0.17631458,0.13250923,0.11639814,0.13832359,0.14063726,0.13771321,0.15810397
7250113932,0.1314447,0.14987987,0.16572464,0.13383347,0.096438676,0.11769365,0.20498504
7250145713,0.14441834,0.1237543,0.10449262,0.1148869,0.21409842,0.16860792,0.1297415
7250202733,0.18051842,0.17732233,0.15234351,0.13223107,0.1003142,0.10710086,0.15016963
