lake_id,arc1,arc2,arc3,arc4
7250080512,0.0616906,0.8995567,0.020649478,0.018103303
7250092313,0.22658615,0.7209892,0.027350785,0.02507393
7250113932,0.120245636,0.83669883,0.021085825,0.021969665
7250145713,0.015924906,0.010021923,0.60897046,0.36508265
7250202733,0.09340657,0.885926,0.008860924,0.011806443
