lake_id,arc1,arc2,arc3,arc4,arc5,arc6,arc7,arc8
7250080512,0.0044069705,0.008715356,0.34580308,0.011717754,0.29786253,0.007591682,0.31545126,0.008451449
7250092313,0.012834177,0.012482637,0.32085794,0.017150272,0.37675813,0.010440553,0.23886564,0.010610674
7250113932,0.0087341145,0.009716162,0.32997653,0.01011714,0.20818938,0.00837548,0.41742066,0.007470526
7250145713,0.4681179,0.120894045,0.003723617,0.006362755,0.0030689142,0.3009972,0.0022466793,0.09458888
7250202733,0.0038107596,0.0036995732,0.3773917,0.0056660147,0.28960344,0.0036863727,0.31322336,0.0029187591
