lake_id,arc1,arc2,arc3,arc4,arc5,arc6,arc7
7250080512,0.12351207,0.1150251,0.15537205,0.19679385,0.12263998,0.17208716,0.11456983
7250092313,0.13060413,0.20725343,0.12166538,0.09714741,0.15539202,0.16108897,0.12684865
7250113932,0.15510821,0.11945413,0.15779309,0.1519181,0.15251052,0.13533613,0.12787981
7250145713,0.18340933,0.1897323,0.14205709,0.13545702,0.15408546,0.10651825,0.08874055
7250202733,0.11122338,0.15071072,0.1684528,0.16670755,0.1390366,0.14493428,0.11893469
