lake_id,arc1,arc2,arc3,arc4,arc5,arc6,arc7,arc8,arc9,arc10
7250080512,0.12628588,0.08381413,0.14102454,0.10455461,0.0844117,0.05685158,0.08695611,0.07042505,0.08901015,0.15666631
7250092313,0.09442435,0.09493674,0.07903269,0.1032867,0.09531475,0.08814685,0.117955044,0.07800421,0.13963766,0.109261
7250113932,0.05919579,0.12319526,0.052317776,0.093303815,0.122977,0.11318373,0.10245608,0.12632233,0.13207069,0.074977554
7250145713,0.09899525,0.17813638,0.09695638,0.08303476,0.114084944,0.105112486,0.09632394,0.08250664,0.06863196,0.07621725
7250202733,0.12048918,0.07203928,0.108907685,0.09907335,0.090402886,0.09459873,0.087108925,0.12869246,0.14011104,0.058576412
