lake_id,arc1,arc2,arc3,arc4,arc5,arc6,arc7,arc8,arc9
7250080512,0.076271474,0.10602794,0.118514314,0.115348496,0.113932416,0.0912475,0.16812491,0.10581544,0.10471757
7250092313,0.0768321,0.14816102,0.07233652,0.120000534,0.123911515,0.13683027,0.10084966,0.115271635,0.105806746
7250113932,0.16434583,0.1374225,0.09369928,0.11049008,0.11897485,0.08309921,0.11366427,0.09254724,0.085756764
7250145713,0.100708306,0.11144109,0.12830417,0.11744311,0.073155604,0.09112942,0.1187374,0.1451099,0.113971025
7250202733,0.1443315,0.09855045,0.11677763,0.103772484,0.10128868,0.10817045,0.11229567,0.10330632,0.11150684
