lake_id,arc1,arc2,arc3,arc4,arc5
7250080512,0.54414654,0.016607355,0.3900898,0.030435791,0.018720528
7250092313,0.5109288,0.021266889,0.38936627,0.050289292,0.028148755
7250113932,0.51022005,0.017931012,0.42271298,0.031955604,0.017180355
7250145713,0.0074449372,0.6679548,0.0073267366,0.014017177,0.3032564
7250202733,0.48541403,0.007926263,0.4870258,0.01333407,0.0062997816
