lake_id,arc1,arc2,arc3,arc4
7250080512,0.3368059,0.22057688,0.23387453,0.20874274
7250092313,0.2599432,0.2718019,0.28251216,0.18574272
7250113932,0.27888176,0.2769215,0.2030432,0.24115361
7250145713,0.23941612,0.3467726,0.26913378,0.1446775
7250202733,0.23148358,0.25626934,0.2768191,0.23542796
