lake_id,arc1,arc2,arc3,arc4,arc5,arc6
7250080512,0.01271775,0.011779007,0.010211218,0.01353543,0.4015996,0.55015707
7250092313,0.01988189,0.014755802,0.015864855,0.019512374,0.47420198,0.45578307
7250113932,0.014761211,0.01444062,0.011349072,0.01076805,0.45026553,0.4984155
7250145713,0.3599565,0.13759601,0.02462542,0.46912873,0.0034122784,0.0052810446
7250202733,0.006779858,0.004485964,0.0074740094,0.004635777,0.5437859,0.4328385
