lake_id,arc1,arc2,arc3,arc4,arc5,arc6,arc7,arc8,arc9
7250080512,0.009219972,0.28552434,0.0705045,0.008417712,0.20685433,0.009768046,0.0065105264,0.39345962,0.0097410465
7250092313,0.009911919,0.2801914,0.113465644,0.012705867,0.28199968,0.012171033,0.015161568,0.2604415,0.013951417
7250113932,0.008153215,0.21255788,0.18410715,0.008586318,0.2544977,0.007348681,0.009750817,0.30439577,0.010602519
7250145713,0.010263972,0.002501859,0.0030270964,0.1636746,0.0028570776,0.13973002,0.4128121,0.0031528962,0.2619804
7250202733,0.004046222,0.30277938,0.13170607,0.0028535237,0.26411396,0.0042481343,0.0043992796,0.2821356,0.0037178374
