lake_id,arc1,arc2,arc3,arc4,arc5,arc6,arc7,arc8
7250080512,0.07180101,0.10135101,0.13004993,0.12477721,0.14187689,0.1425381,0.12834165,0.15926427
7250092313,0.09889197,0.14458106,0.09394777,0.15141225,0.10326438,0.1494508,0.15235445,0.106097326
7250113932,0.15610844,0.14978507,0.11916144,0.105102725,0.13114071,0.108652234,0.08812664,0.14192276
7250145713,0.115052566,0.105531424,0.10776508,0.1384769,0.1453384,0.09575386,0.14768875,0.14439304
7250202733,0.12683609,0.14379492,0.10138199,0.14784327,0.11380383,0.103249535,0.12383187,0.13925852
