lake_id,arc1,arc2
7250080512,0.95193547,0.04806457
7250092313,0.9353179,0.06468217
7250113932,0.9520511,0.047948908
7250145713,0.016105508,0.98389447
7250202733,0.9777854,0.022214578
