lake_id,arc1,arc2
7250080512,0.30116796,0.69883204
7250092313,0.58682686,0.4131732
7250113932,0.36338925,0.63661075
7250145713,0.48803052,0.51196945
7250202733,0.49253908,0.5074609
