lake_id,arc1,arc2,arc3,arc4,arc5,arc6,arc7,arc8,arc9,arc10
7250080512,0.46653104,0.0051035327,0.0042307847,0.004917087,0.0052363104,0.008172228,0.2752223,0.0080561815,0.005439452,0.2170911
7250092313,0.32406774,0.00903669,0.008798457,0.007898792,0.011469398,0.008298151,0.31116396,0.00920603,0.008360632,0.30170012
7250113932,0.3315262,0.0053142477,0.004876558,0.006681306,0.005151853,0.0044380566,0.36700147,0.008381554,0.008490747,0.25813806
7250145713,0.0037129088,0.45999825,0.20642012,0.050042056,0.023860103,0.12893526,0.0020469383,0.0052214796,0.11799583,0.0017670321
7250202733,0.38393176,0.0026555734,0.0032111383,0.0028169458,0.002354956,0.00317431,0.34053433,0.0029700275,0.0027880995,0.2555629
