lake_id,arc1,arc2,arc3,arc4,arc5,arc6,arc7
7250080512,0.012139216,0.4873361,0.009123098,0.011258953,0.011819392,0.009166865,0.45915636
7250092313,0.01622897,0.46672982,0.009110635,0.017266836,0.015122117,0.017544622,0.45799702
7250113932,0.015153142,0.4457725,0.011099863,0.008381066,0.009850858,0.010991969,0.49875063
7250145713,0.011460343,0.0042485893,0.14645977,0.21110114,0.41862231,0.20345792,0.004649881
7250202733,0.007487771,0.4716089,0.0036609848,0.007264935,0.0035770996,0.005528784,0.50087154
