lake_id,arc1,arc2,arc3,arc4,arc5,arc6
7250080512,0.16525282,0.19725001,0.20505859,0.15846615,0.11482968,0.1591428
7250092313,0.2254452,0.11805375,0.18464068,0.16294253,0.16624977,0.14266808
7250113932,0.12722087,0.21786433,0.18881422,0.15343875,0.1398721,0.17278968
7250145713,0.13399577,0.16019383,0.18113181,0.1908713,0.18383943,0.14996785
7250202733,0.12637757,0.13600773,0.21140653,0.17206556,0.1745283,0.17961434
