lake_id,arc1,arc2,arc3,arc4,arc5,arc6,arc7,arc8
7250080512,0.01755436,0.008749952,0.024364669,0.00898101,0.015939368,0.006902633,0.4572,0.46030807
7250092313,0.022737548,0.09127573,0.7638464,0.017492434,0.012288276,0.020623118,0.019054534,0.05268199
7250113932,0.03118224,0.009822421,0.01577942,0.007242921,0.008522382,0.0064414553,0.53282034,0.38818878
7250145713,0.0012653321,0.0017016818,0.0018791156,0.44089043,0.06882863,0.4817989,0.0012049305,0.002431038
7250202733,0.34174758,0.585973,0.014084807,0.0022743775,0.022181839,0.00225124,0.01827129,0.013215827
