lake_id,arc1,arc2,arc3,arc4,arc5,arc6
7250080512,0.014613452,0.7283657,0.019304434,0.023605522,0.19995022,0.014160672
7250092313,0.04742158,0.04996101,0.0138092935,0.8061801,0.061646875,0.020981088
7250113932,0.01786549,0.7261425,0.011395231,0.027420256,0.21022832,0.006948205
7250145713,0.00085058203,0.0010295993,0.06952017,0.005333535,0.0041744406,0.91909164
7250202733,0.92129236,0.015921367,0.014800346,0.028156742,0.016033832,0.0037953372
