lake_id,arc1,arc2
7250080512,0.97116023,0.028839838
7250092313,0.88169366,0.11830637
7250113932,0.9734451,0.026554937
7250145713,0.05267148,0.94732857
7250202733,0.9982737,0.0017263432
