lake_id,arc1,arc2,arc3,arc4,arc5,arc6,arc7,arc8,arc9
7250080512,0.54486704,0.0073199584,0.00569159,0.005537274,0.24941969,0.14759617,0.00964982,0.014094046,0.015824428
7250092313,0.020391893,0.013957278,0.008973876,0.007393319,0.02173232,0.028179504,0.049345575,0.81434673,0.035679486
7250113932,0.45010477,0.0059899106,0.004137365,0.0046222582,0.22774142,0.24595533,0.01236847,0.01551203,0.03356845
7250145713,0.00075190596,0.2686661,0.13217697,0.5633487,0.0010993313,0.0012547108,0.03020123,0.0015754579,0.0009255934
7250202733,0.008787469,0.0022950666,0.0019428597,0.0018118161,0.00738621,0.006715398,0.74395597,0.013386802,0.21371832
