lake_id,arc1,arc2,arc3,arc4
7250080512,0.9561408,0.015103028,0.014096705,0.014659539
7250092313,0.5236276,0.10931391,0.33262506,0.03443341
7250113932,0.9638582,0.008645081,0.021140333,0.006356387
7250145713,0.005883004,0.9172921,0.0020555549,0.074769355
7250202733,0.1127449,0.0014024709,0.883216,0.002636551
