lake_id,arc1,arc2,arc3,arc4,arc5,arc6,arc7,arc8,arc9,arc10
7250080512,0.55497015,0.0071022734,0.012986829,0.013236754,0.005609465,0.36696818,0.012668973,0.010827722,0.006202084,0.009427611
7250092313,0.018452909,0.018750323,0.33052492,0.41967443,0.030190699,0.039563693,0.014567976,0.011088402,0.045436237,0.07175046
7250113932,0.48011288,0.003022815,0.009711045,0.0061944877,0.009272881,0.44502604,0.0087291915,0.0039139446,0.014733086,0.019283671
7250145713,0.0025117104,0.8945583,0.014815372,0.007558689,0.0016764082,0.0020103303,0.00137457,0.07156338,0.0020255637,0.0019056178
7250202733,0.009734321,0.0020006257,0.0073660025,0.006326494,0.359373,0.0126899965,0.44869265,0.015812727,0.12608343,0.011920744
