lake_id,arc1,arc2,arc3,arc4,arc5,arc6,arc7
7250080512,0.017422501,0.018984463,0.009543607,0.46289143,0.010398886,0.026982743,0.45377642
7250092313,0.05312319,0.019439738,0.04394665,0.08979318,0.062031426,0.6617027,0.06996319
7250113932,0.01291702,0.010627115,0.015642341,0.35568553,0.013591518,0.017604372,0.57393205
7250145713,0.9157938,0.07290755,0.0005502112,0.00046697835,0.0006661066,0.0090298,0.00058564625
7250202733,0.0025601606,0.010552172,0.46504438,0.020458177,0.4608915,0.027624436,0.012869229
