lake_id,arc1,arc2,arc3,arc4,arc5,arc6,arc7
7250080512,0.018279593,0.36080444,0.29922068,0.014440677,0.0072093885,0.28936523,0.010680054
7250092313,0.01628774,0.3381307,0.28409255,0.019462861,0.01482757,0.3087462,0.018452428
7250113932,0.010784153,0.241575,0.34048295,0.008881953,0.012360458,0.37170288,0.014212623
7250145713,0.028913924,0.0042194948,0.0033267823,0.77323407,0.05663017,0.0026613155,0.13101411
7250202733,0.0039059157,0.31660128,0.33123425,0.0037976694,0.003257039,0.3338945,0.007309342
