lake_id,arc1,arc2,arc3,arc4,arc5,arc6
7250080512,0.1846722,0.14954618,0.1795568,0.14823563,0.17082804,0.16716126
7250092313,0.18588784,0.1479346,0.22010174,0.13753113,0.15059887,0.15794578
7250113932,0.1517952,0.17492732,0.17437887,0.19032072,0.15734696,0.15123093
7250145713,0.18981087,0.14713477,0.15532973,0.19127446,0.13293046,0.18351969
7250202733,0.14963958,0.20712116,0.15055592,0.15516037,0.16229609,0.17522687
