lake_id,arc1,arc2,arc3,arc4,arc5
7250080512,0.19257283,0.26495242,0.16743119,0.2063571,0.16868645
7250092313,0.19303282,0.16485766,0.21421027,0.17977563,0.24812365
7250113932,0.19691218,0.23481292,0.19758508,0.1663813,0.20430857
7250145713,0.1740855,0.14838897,0.19523479,0.19124675,0.291044
7250202733,0.23427114,0.1911055,0.21067205,0.17848983,0.18546149
