lake_id,arc1,arc2,arc3,arc4
7250080512,0.40740636,0.21481375,0.16435093,0.21342905
7250092313,0.22190824,0.30889952,0.23347783,0.23571445
7250113932,0.25014377,0.31820327,0.2159652,0.21568777
7250145713,0.22497626,0.24835876,0.25173512,0.27492985
7250202733,0.23764259,0.25986746,0.3236939,0.17879605
