lake_id,arc1,arc2,arc3,arc4,arc5,arc6,arc7,arc8,arc9
7250080512,0.3011123,0.14242643,0.27240542,0.0064093852,0.00951636,0.011568926,0.24406609,0.0049349125,0.00756023
7250092313,0.21187502,0.18849331,0.2722303,0.012285917,0.0076504294,0.014923801,0.26503244,0.010749683,0.016759101
7250113932,0.21875073,0.24259774,0.2530102,0.008152999,0.010144277,0.008782108,0.243878,0.00622877,0.008455158
7250145713,0.0025772103,0.0027154377,0.002000492,0.039956063,0.38312426,0.4065264,0.003026479,0.045549862,0.11452385
7250202733,0.21461526,0.35229695,0.20854197,0.0027850391,0.0041253148,0.002414002,0.20816049,0.0031306252,0.003930375
