lake_id,arc1,arc2,arc3,arc4,arc5,arc6,arc7,arc8
7250080512,0.0070234714,0.17694268,0.2339292,0.22314562,0.3232934,0.008757145,0.017070033,0.009838539
7250092313,0.013347017,0.22872505,0.22040942,0.11096,0.37610847,0.016334793,0.018358935,0.015756354
7250113932,0.012969086,0.25766313,0.27001104,0.14048311,0.29181868,0.00791506,0.0098778885,0.009262012
7250145713,0.50727427,0.0029609655,0.003056202,0.002945427,0.003969809,0.0868992,0.26129758,0.13159657
7250202733,0.003215042,0.20864236,0.2671881,0.16906121,0.33930477,0.004626628,0.003776813,0.004185018
