lake_id,arc1,arc2,arc3,arc4,arc5,arc6,arc7,arc8,arc9,arc10
7250080512,0.08414439,0.08068324,0.12883581,0.038784355,0.12902561,0.0771988,0.08185456,0.12813893,0.1120271,0.13930726
7250092313,0.1112825,0.074783966,0.13605963,0.06209821,0.08588797,0.120411545,0.08296641,0.096136376,0.11332078,0.117052615
7250113932,0.102563106,0.109483525,0.13232264,0.07555734,0.10655561,0.08833918,0.08471149,0.0877236,0.10675888,0.10598463
7250145713,0.07689329,0.09890549,0.11127407,0.17570312,0.0854358,0.06816315,0.06296849,0.09042743,0.09011292,0.14011623
7250202733,0.09889517,0.08655071,0.09727818,0.11361737,0.109818466,0.11211161,0.0974654,0.10640854,0.08830723,0.089547336
