lake_id,arc1,arc2,arc3,arc4,arc5,arc6,arc7,arc8
7250080512,0.13184968,0.11838799,0.14888659,0.079034835,0.123427875,0.13302334,0.1488154,0.11657433
7250092313,0.13001448,0.13779067,0.1620771,0.10811947,0.105331615,0.14107716,0.123659454,0.091930084
7250113932,0.07756469,0.13096137,0.11570868,0.11635833,0.123453245,0.14299215,0.1321195,0.160842
7250145713,0.13295417,0.10357829,0.1342539,0.10971684,0.09376166,0.118577406,0.13911356,0.16804418
7250202733,0.14732824,0.07938781,0.15951502,0.1303438,0.12004079,0.10135331,0.12083569,0.14119536
