lake_id,arc1,arc2
7250080512,0.6404211,0.35957894
7250092313,0.540628,0.45937198
7250113932,0.4637767,0.53622335
7250145713,0.49123833,0.5087617
7250202733,0.5112318,0.48876822
