lake_id,arc1,arc2,arc3,arc4,arc5,arc6,arc7,arc8,arc9
7250080512,0.064648755,0.16249952,0.053892348,0.16030636,0.11203109,0.100950375,0.12185193,0.10084001,0.12297964
7250092313,0.07601028,0.11226155,0.09066694,0.15133747,0.13589123,0.06900283,0.101312816,0.11943892,0.14407796
7250113932,0.0999454,0.09251021,0.14991719,0.088167675,0.12945691,0.106097,0.09357917,0.13908003,0.10124644
7250145713,0.06759769,0.08833977,0.13674492,0.099467605,0.14186034,0.13349442,0.11965946,0.100918114,0.11191768
7250202733,0.12427538,0.08762525,0.12564945,0.12690318,0.09998333,0.106117256,0.09949703,0.09937238,0.13057671
