lake_id,arc1,arc2,arc3,arc4,arc5,arc6,arc7,arc8,arc9,arc10
7250080512,0.1755152,0.008955918,0.0059945663,0.27284265,0.008080523,0.0064992127,0.008971408,0.1636258,0.007900406,0.34161437
7250092313,0.19815812,0.010353169,0.010969613,0.2757816,0.008988492,0.009948677,0.013118822,0.16897085,0.014034816,0.28967586
7250113932,0.23050585,0.0062847678,0.009125078,0.23272851,0.007821529,0.0069303126,0.007045247,0.26053646,0.009568518,0.22945379
7250145713,0.0021442221,0.13234632,0.2927397,0.002409776,0.020591732,0.37892303,0.15801403,0.0021679297,0.0077918107,0.0028714738
7250202733,0.23081776,0.003586936,0.002377808,0.25591692,0.0027207343,0.0032045406,0.0030759186,0.24004525,0.0023971023,0.25585702
