lake_id,arc1,arc2,arc3,arc4,arc5,arc6
7250080512,0.011115497,0.43192092,0.009885886,0.014071116,0.25356066,0.27944598
7250092313,0.02018107,0.35260653,0.0145978555,0.019733664,0.2877097,0.3051711
7250113932,0.012814075,0.3871897,0.011461159,0.009924083,0.26308367,0.31552732
7250145713,0.7699252,0.0027202154,0.10711042,0.11255744,0.0026651453,0.005021589
7250202733,0.004552382,0.45019662,0.004623698,0.004594692,0.31419012,0.22184245
