lake_id,arc1,arc2,arc3,arc4
7250080512,0.025123054,0.020176014,0.034486067,0.9202149
7250092313,0.033744447,0.027939282,0.09466707,0.84364927
7250113932,0.023452066,0.019666823,0.09849538,0.8583857
7250145713,0.22708984,0.7563166,0.009556901,0.0070366887
7250202733,0.008807054,0.010282688,0.051200457,0.9297098
