lake_id,arc1,arc2,arc3,arc4,arc5
7250080512,0.0141634,0.011529645,0.45865592,0.502902,0.0127490945
7250092313,0.022928603,0.018649964,0.4980362,0.4418776,0.018507572
7250113932,0.018275484,0.012994256,0.47172815,0.48669678,0.010305355
7250145713,0.74351835,0.122355096,0.0064840126,0.004796075,0.1228465
7250202733,0.004430046,0.005006591,0.5752752,0.40990537,0.005382787
