lake_id,arc1,arc2,arc3,arc4,arc5,arc6,arc7
7250080512,0.16841638,0.13329281,0.114637345,0.14021538,0.13288453,0.1530335,0.15752007
7250092313,0.12966771,0.1119163,0.10702522,0.103248246,0.24470167,0.22270346,0.080737375
7250113932,0.13406532,0.16989993,0.11957918,0.10805182,0.14638324,0.16663463,0.1553859
7250145713,0.13338986,0.12500922,0.1574285,0.14952505,0.13269284,0.120966695,0.1809878
7250202733,0.11237194,0.14922675,0.13313544,0.145906,0.1279104,0.16856249,0.16288693
