lake_id,arc1,arc2
7250080512,0.96170306,0.038296897
7250092313,0.9471087,0.05289132
7250113932,0.96422595,0.03577408
7250145713,0.021206932,0.9787931
7250202733,0.9815229,0.01847706
