lake_id,arc1,arc2,arc3,arc4,arc5,arc6,arc7,arc8
7250080512,0.38560745,0.0066936524,0.015145965,0.40133888,0.014417003,0.012689838,0.15691856,0.0071886955
7250092313,0.2740038,0.017047796,0.015447628,0.3330475,0.012240648,0.013340266,0.32366645,0.011205877
7250113932,0.3930011,0.0110819675,0.017237231,0.23324244,0.015305926,0.011225197,0.3085779,0.01032824
7250145713,0.011615505,0.08483842,0.27575904,0.013905226,0.2015479,0.28567204,0.009354555,0.11730737
7250202733,0.25384852,0.009516123,0.012930289,0.2973071,0.0088283615,0.008815115,0.39923593,0.009518545
