lake_id,arc1,arc2,arc3,arc4,arc5,arc6,arc7,arc8,arc9,arc10
7250080512,0.11002729,0.08125827,0.12510943,0.11238307,0.12606536,0.11506388,0.07771695,0.08973875,0.082254075,0.08038296
7250092313,0.058571927,0.07806892,0.07170911,0.117186055,0.15886387,0.072521314,0.10201767,0.11356247,0.07749566,0.15000302
7250113932,0.14333354,0.07969138,0.06809063,0.12678601,0.080877826,0.10959057,0.098767236,0.111775875,0.07776463,0.1033223
7250145713,0.08249739,0.08843853,0.11601259,0.06773214,0.10376658,0.0890578,0.12286596,0.13224715,0.08655843,0.11082339
7250202733,0.09233051,0.0828596,0.10176248,0.10710421,0.0673354,0.11509057,0.10238628,0.11895178,0.09357317,0.118606016
