lake_id,arc1,arc2,arc3,arc4,arc5,arc6,arc7,arc8,arc9,arc10
7250080512,0.22332354,0.18825266,0.008819775,0.18273878,0.013474377,0.00822328,0.16646266,0.009907583,0.009710019,0.18908736
7250092313,0.18259685,0.15291944,0.013303465,0.23429795,0.010430779,0.008910641,0.17726952,0.011197855,0.009163829,0.19990966
7250113932,0.15025194,0.120794185,0.008975599,0.19516613,0.008385891,0.006256381,0.3256029,0.012204518,0.009981289,0.16238123
7250145713,0.00834104,0.00801342,0.19729327,0.0090665575,0.21140099,0.13685234,0.009128475,0.19347298,0.21651237,0.0099186
7250202733,0.23934564,0.15643756,0.0075454754,0.17787124,0.009862961,0.009474937,0.18179417,0.0066013504,0.007881093,0.20318556
