lake_id,arc1,arc2,arc3,arc4
7250080512,6.847345,6.9303465,6.733733,6.714141
7250092313,6.740364,6.9308915,6.794166,6.4132857
7250113932,7.0313616,6.5822077,6.8316708,6.7829795
7250145713,3.0918431,3.1924634,2.7738454,2.4250102
7250202733,6.7581677,6.870152,7.4273787,7.1471615
