lake_id,arc1,arc2,arc3,arc4,arc5,arc6,arc7,arc8,arc9
7250080512,4.2558513,4.600426,5.078311,4.3970947,4.4760423,4.4573646,4.5506454,4.3906384,4.4565287
7250092313,4.574017,4.34671,4.5629125,4.2733674,4.736759,4.597694,4.330871,4.120255,4.5857663
7250113932,4.5446014,4.4041476,4.678352,4.4973173,4.5607843,4.418565,4.288321,4.3820395,4.8741283
7250145713,2.1515937,2.0767562,1.7785945,1.4798155,2.2941668,1.4112597,2.136482,1.6533321,2.1166725
7250202733,4.623831,4.443304,4.870407,4.566929,4.819309,4.836992,4.6128273,4.682287,4.676349
