lake_id,arc1,arc2,arc3,arc4,arc5,arc6,arc7
7250080512,0.18719722,0.12677443,0.1274944,0.1286757,0.12565652,0.21088085,0.09332092
7250092313,0.106299214,0.19050577,0.14081113,0.15989491,0.124190085,0.14196055,0.13633837
7250113932,0.13746701,0.13352491,0.14131032,0.15394899,0.1212576,0.17825562,0.13423556
7250145713,0.16907535,0.098150104,0.12699611,0.12572443,0.19442247,0.12737262,0.15825894
7250202733,0.14574783,0.14212003,0.19041339,0.13095525,0.1447359,0.124889344,0.121138245
