lake_id,arc1,arc2,arc3,arc4
7250080512,0.22407423,0.2841498,0.20997413,0.28180194
7250092313,0.23161182,0.180882,0.30327457,0.2842316
7250113932,0.2622869,0.27484775,0.17855024,0.2843151
7250145713,0.32116032,0.20430115,0.20059837,0.27394012
7250202733,0.23345068,0.25357312,0.3049386,0.20803757
