lake_id,arc1,arc2,arc3,arc4,arc5,arc6
7250080512,0.17798379,0.18806207,0.1591322,0.18143232,0.11919089,0.17419879
7250092313,0.11963269,0.23827302,0.12948489,0.18129298,0.14656305,0.18475336
7250113932,0.15116836,0.17742443,0.18300568,0.17923066,0.1469409,0.16223001
7250145713,0.11472118,0.11908858,0.17818798,0.17807585,0.23624365,0.17368275
7250202733,0.15674414,0.21101084,0.12281217,0.16459113,0.16759847,0.17724323
