lake_id,arc1,arc2,arc3,arc4
7250080512,0.023590103,0.02507028,0.35204947,0.59929013
7250092313,0.026826017,0.034046374,0.49494854,0.44417906
7250113932,0.026650991,0.026477516,0.54699886,0.39987263
7250145713,0.5460359,0.41012684,0.020717977,0.023119412
7250202733,0.022941642,0.015606573,0.38664418,0.57480764
