lake_id,arc1,arc2,arc3,arc4,arc5,arc6
7250080512,0.15767021,0.013170735,0.4432466,0.011945874,0.35704482,0.016921856
7250092313,0.29347432,0.024413085,0.32018527,0.015143012,0.33375478,0.013029491
7250113932,0.36511102,0.014973715,0.29859057,0.016639814,0.29296198,0.011722898
7250145713,0.017236196,0.23081775,0.02143197,0.3445055,0.013657039,0.37235153
7250202733,0.22270909,0.009076153,0.44910392,0.011044327,0.29802147,0.010045026
