lake_id,arc1,arc2
7250080512,0.45663762,0.54336244
7250092313,0.48725024,0.5127498
7250113932,0.4373743,0.5626257
7250145713,0.49374044,0.50625956
7250202733,0.5399026,0.46009737
