lake_id,arc1,arc2,arc3,arc4,arc5
7250080512,0.20360288,0.21760121,0.13600902,0.2156384,0.22714853
7250092313,0.13075617,0.25046661,0.25922757,0.21677859,0.14277104
7250113932,0.2629316,0.15835392,0.16924955,0.26353008,0.14593486
7250145713,0.25267738,0.16686474,0.1753862,0.2561961,0.14887553
7250202733,0.17546223,0.26997194,0.16084123,0.1882593,0.20546529
