lake_id,arc1,arc2,arc3,arc4,arc5,arc6,arc7,arc8,arc9
7250080512,0.012165273,0.013878874,0.010502968,0.16983266,0.2755848,0.01933064,0.2490933,0.23522039,0.0143911345
7250092313,0.009662543,0.014771431,0.020191338,0.18312465,0.31957456,0.013646725,0.17401105,0.2507856,0.014232121
7250113932,0.011972116,0.013548888,0.010557441,0.12998001,0.35508752,0.013835637,0.19042629,0.2650787,0.009513416
7250145713,0.27080768,0.23148206,0.15975577,0.008056582,0.009622162,0.04377476,0.008851582,0.0051589473,0.26249048
7250202733,0.009708578,0.009344123,0.0107790865,0.21091703,0.24844664,0.01208541,0.25882336,0.22614847,0.013747311
