lake_id,arc1,arc2
7250080512,0.93322855,0.06677145
7250092313,0.9295288,0.07047124
7250113932,0.9342153,0.06578474
7250145713,0.05215221,0.9478478
7250202733,0.93675303,0.063246995
