lake_id,arc1,arc2,arc3,arc4,arc5,arc6,arc7,arc8,arc9
7250080512,0.117623456,0.062679574,0.116180204,0.12946847,0.10289241,0.123330325,0.12255241,0.1532101,0.07206312
7250092313,0.12539276,0.11030224,0.11521204,0.16682288,0.13033906,0.108988866,0.08730706,0.07827083,0.0773643
7250113932,0.08059299,0.1664033,0.11629821,0.085471384,0.11558001,0.09424557,0.09535132,0.094230115,0.1518271
7250145713,0.08977683,0.14941394,0.120619625,0.12473995,0.12092122,0.09257038,0.14250606,0.084187314,0.07526469
7250202733,0.08657226,0.11875559,0.118091404,0.14196728,0.14023757,0.07389051,0.13661958,0.10128668,0.082579136
