lake_id,arc1,arc2,arc3,arc4,arc5,arc6,arc7,arc8
7250080512,0.096553646,0.12906569,0.10665918,0.09841853,0.15756288,0.12416684,0.19517368,0.09239958
7250092313,0.1019943,0.14790031,0.114544034,0.087617435,0.17692986,0.1515506,0.07326002,0.14620341
7250113932,0.16603574,0.09626648,0.16791248,0.14796105,0.08923116,0.10233065,0.097640716,0.13262177
7250145713,0.13982691,0.12816969,0.1111414,0.07568742,0.13005899,0.13569972,0.13851413,0.1409017
7250202733,0.11584669,0.10896948,0.10414691,0.0985294,0.1469031,0.1345681,0.12943745,0.16159883
