lake_id,arc1,arc2,arc3,arc4,arc5,arc6,arc7
7250080512,4.926012,5.0501494,5.2873325,5.2288947,5.252704,4.7044373,5.232044
7250092313,4.9095044,4.9309044,4.936505,5.310255,5.500742,4.670555,4.967907
7250113932,5.292074,4.8560553,4.9164424,5.1559606,5.3783317,4.786961,5.291682
7250145713,2.3416774,2.0486386,1.6089755,2.1004095,2.4181123,2.2996445,2.212461
7250202733,4.992544,5.190877,5.3815556,5.257718,5.4064837,5.394064,5.389427
