lake_id,arc1,arc2,arc3,arc4,arc5,arc6,arc7
7250080512,0.012425436,0.020437822,0.014800584,0.3544316,0.021213043,0.29281667,0.2838749
7250092313,0.022725802,0.018999297,0.022745483,0.49467072,0.010686977,0.27111715,0.15905456
7250113932,0.020567711,0.017962465,0.017507043,0.42508683,0.014576692,0.30199593,0.20230336
7250145713,0.02460615,0.48820603,0.30938968,0.015185151,0.14229894,0.009132806,0.011181269
7250202733,0.017624047,0.013432617,0.013016062,0.40253386,0.0119911935,0.3470999,0.19430234
