lake_id,arc1,arc2
7250080512,9.829783,9.414815
7250092313,9.407191,9.593829
7250113932,9.731005,9.514379
7250145713,4.2117333,3.8931704
7250202733,9.873981,10.077199
