lake_id,arc1,arc2,arc3,arc4,arc5,arc6,arc7,arc8,arc9,arc10
7250080512,4.2190747,4.508796,4.7111826,4.11218,4.544326,3.8671505,4.2541733,3.9510279,4.462948,4.1376386
7250092313,3.8510537,4.165749,4.324581,4.238159,4.3801775,4.2624855,4.4912944,4.1085553,4.291695,4.110953
7250113932,4.556409,4.163915,4.680181,4.266174,4.0875177,3.901463,4.2291713,4.501766,4.3212266,3.9985852
7250145713,1.695891,1.6048112,1.8660467,1.9371529,1.9076385,1.8070043,1.9730293,1.7959971,1.6071012,1.8063074
7250202733,4.247545,4.321912,4.590744,4.3864064,4.423565,4.686352,4.432151,4.3529654,4.3386793,4.504557
